{
"act" : [
{"grade" : "충족",
"conditionComment" : "당신의 하루 활동량은 충분합니다.",
"recipeComment" : "지금과 같은 활동 패턴을 꾸준히 유지하세요."},

{"grade" : "양호",
"conditionComment" : "당신의 하루 활동량은 양호합니다. ",
"recipeComment" : "하지만 조금 더 활동을 늘리세요."},

{"grade" : "보통",
"conditionComment" : "당신의 하루 활동량은 평균 수준입니다.",
"recipeComment" : "그러나 당신에게는 더 많은 활동량이 요구됩니다. 지속적이고 규칙적인 운동과 부지런한 생활습관을 실천하세요."},

{"grade" : "주의",
"conditionComment" : "당신의 하루 활동량은 많이 부족합니다.",
"recipeComment" : "지금과 같은 부족한 활동량은 건강상의 문제를 일으킵니다. 규칙적이고 지속적인 운동을 반드시 실천하세요."}







]

}