{
"heartCondition" : [
{ "grade" : "1등급",
"condition" : "수",
"comment" : "당신의 평균 심박수로 본 심폐 기능 지수는 운동 선수 레벨입니다. 대개 분당 심박수는 당신의 운동량과 심폐 기능이 상위 10% 이내일 가능성이 높다는 것 입니다.  물론 심박수가 낮을수록 심폐기능이 높을 가능성이 많지만 예외는 존재합니다.",
"conditionComment" : "당신은 대단히 뛰어난 심폐능력을 유지하고 있습니다.",
"recipeComment" : "현재의 심폐능력을 지속적으로 유지할 수 있도록 노력하세요. 지금과 같이 꾸준한 운동을 실천하십니다."},

{ "grade" : "2등급",
"condition" : "우",
"comment" : "매우 우수한 레벨 , 상위 10-20% 이내",
"conditionComment" : "당신은 뛰어난 심폐능력을 유지하고 있습니다.",
"recipeComment" : "그러나 조금 더 심폐능력을 향상시키기 위한 노력이 필요합니다. 지금보다 많은 운동과 휴식을 실천하십니다."},

{ "grade" : "3등급",
"condition" : "미",
"comment" : "우수한레벨  상위 20-30% 이내",
"conditionComment" : "당신의 우수한 심폐능력을 유지하고 있습니다.",
"recipeComment" : "그러나 심폐능력을 향상시키기 위한 보다 많은 노력이 요구됩니다. 지금보다 20% 더 많은 운동과 10% 더 많은 휴식을 실천하십니다."},

{ "grade" : "4등급",
"condition" : "양",
"comment" : "양호한 레벨, 상위 30-40% 내외",
"conditionComment" : "당신의 양호한 심폐능력을 유지하고 있습니다.",
"recipeComment" : "그러나 심폐능력을 향상시키기 위한 보다 훨씬 더 많은 노력이 요구됩니다. 지금보다 30% 더 많은 운동과 20% 더 많은 휴식을 실천하십니다."},

{ "grade" : "5등급",
"condition" : "가",
"comment" : "보통레벨,  40-60%",
"conditionComment" : "당신의 심폐능력은 보통 수준입니다.",
"recipeComment" : "당신에게는 자신의 심폐능력을 향상시키기 위한 효과적인 노력이 반드시 필요합니다. 규칙적인 운동과 더 많은 휴식을 위해 노력하십시오."},

{ "grade" : "6등급",
"condition" : "적신호",
"comment" : "약간 주의가 요구되는 레벨, 하위 20-40%",
"conditionComment" : "당신의 심폐능력에는 상당한 문제가 있습니다.",
"recipeComment" : "당신에게는 자신의 심폐능력을 향상시키기 위한 효과적인 노력이 반드시 필요합니다. 규칙적인 운동과 더 많은 휴식을 위해 노력하십시오. 자신의 심폐능력 저하의 원인을 알아보기 위한 체계적인 검사를 권장합니다."},

{ "grade" : "7등급",
"condition" : "경보",
"comment" : "주의가 요구되는 레벨, 하위 20%이하",
"conditionComment" : "당신의 심폐능력에는 심각한 문제가 존재합니다.",
"recipeComment" : "당신에게는 자신의 심폐능력을 향상시키기 위한 효과적인 노력이 반드시 필요합니다. 규칙적인 운동과 더 많은 휴식을 위해 노력하십시오. 아울러 자신의 심폐능력 문제의 정확한 원인을 확인하기 위한 체계적인 검사가 반드시 필요합니다."}



]
}