﻿{ 
"mainCondition" : [
{ "grade" : "1등급 ", 
"comment" : "당신의 컨디션은 1등급입니다. 상위 10% 이내의 컨디션을 유지하고 있으며 매우 우수 상태입니다.", 
"color" : "#3d1fff", 
"conditionComment" : "당신의 현재 컨디션은 최고입니다. 당신은 지금 자신의 건강을 최적의 상태로 유지하고 있습니다.",
"recipeComment" : "지금 상태를 유지하는 것만으로 충분합니다. 꾸준한 운동과 현재와 같은 식습관을 계속 유지하시기 바랍니다."  },

{ "grade" : "2등급 ", 
"comment" : "2등급, 상위10-20%, 우수", 
"color" : "#87ceeb", 
"conditionComment" : "당신의 현재 컨디션은 무척 좋습니다. 당신은 지금 자신의 건강을 뛰어나게 유지하고 있습니다.",
"recipeComment" : "하지만 지금보다 나아지기 위해 조금 더 노력해보시기 바랍니다. 조금 더 적극적으로 운동과 식습관 관리에 힘쓰시기 바랍니다."  },

{ "grade" : "3등급 ", 
"comment" : "3등급, 상위 20-30%, 양호", 
"color" : "#008000", 
"conditionComment" : "당신의 현재 컨디션은 우수합니다. 당신은 지금 자신의 건강을 비교적 잘 유지하고 있습니다.",
"recipeComment" : "하지만 지금보다 나아지기 위해 어느 정도 노력이 필요합니다. 조금 더 적극적으로 운동과 식습관 관리에 힘쓰시기 바랍니다."  },

{ "grade" : "4등급 ", 
"comment" : "4등급 , 상위 30-40%, 약간 양호", 
"color" : "#98fb98", 
"conditionComment" : "당신의 현재 컨디션은 양호한 편입니다. 당신은 지금 자신의 건강을 어느 정도 유지하고 있습니다.",
"recipeComment" : "하지만 지금보다 나아지기 위해 상당한 노력이 필요합니다. 좀 더 적극적으로 운동과 식습관 관리에 힘쓰시기 바랍니다."  },


{ "grade" : "5등급 ", 
"comment" : "5등급, 상위40-50%, 보통", 
"color" : "#ffff00", 
"conditionComment" : "당신의 현재 컨디션은 평균 수준입니다. 당신은 지금 자신의 건강을 크게 나쁘지 않게 유지하고 있습니다.",
"recipeComment" : "하지만 바람직한 건강상태라고 할 수는 없습니다. 당신에게는 지금의 건강 상태에서 벗어나기 위한 상당한 노력이 요구됩니다. 운동, 식습관, 스트레스 관리 등 다방면의 노력이 요구됩니다."  },


{ "grade" : "6등급 ", 
"comment" : "6등급 , 하위 40-50%, 보통수준이하", 
"color" : "#808080", 
"conditionComment" : "당신의 현재 컨디션은 평균 보다 다소 떨어집니다. 지금 당신의 건강관리에는 여러 문제가 존재합니다.",
"recipeComment" : "당신에게는 지금의 건강 상태에서 벗어나기 위한 상당한 노력이 요구됩니다. 운동, 식습관, 스트레스 관리 등 다방면의 노력이 요구됩니다."  },

{ "grade" : "7등급 ", 
"comment" : "7등급, 하위 30-40 % 약간 주의를 요하는 수준", 
"color" : "#ffa500", 
"conditionComment" : "당신의 현재 컨디션은 좋지 않습니다. 당신의 건강관리에는 적지 않은 문제점이 존재합니다.",
"recipeComment" : "당신의 몸에 경고등이 켜졌습니다. 당신에게는 지금의 건강 상태에서 벗어나기 위한 많은 노력이 요구됩니다. 운동, 식습관, 스트레스 관리 등 다방면의 많은 노력이 요구됩니다."  },

{ "grade" : "8등급 ", 
"comment" : "8등급 , 하위 20-30%, 주의를 요하는 수준", 
"color" : "#ffc0cb", 
"conditionComment" : "당신의 현재 컨디션은 상당히 좋지 않습니다. 당신의 건강관리에는 상당히 많은 문제들이 존재합니다.",
"recipeComment" : "당신의 몸에 경고등이 켜졌습니다. 당신에게는 지금의 건강 상태에서 벗어나기 위한 많은 노력이 요구됩니다. 운동, 식습관, 스트레스 관리 등 다방면의 많은 노력이 요구됩니다."  },

{ "grade" : "9등급 ", 
"comment" : "9등급, 하위 10-20%, 경고를 요하는상태", 
"color" : "#ff355e", 
"conditionComment" : "당신의 현재 컨디션은 매우 좋지 않습니다. 당신의 건강관리에는 상당히 많은 문제점이 존재합니다.",
"recipeComment" : "당신의 건강은 위험한 상황으로 판단됩니다. 당신에게는 지금의 건강 상태에서 벗어나기 위한 다방면의 노력이 요구됩니다. 운동, 식습관, 스트레스 관리 등 심도 있는 노력이 요구됩니다."  },


{ "grade" : "10등급 ", 
"comment" : "10등급 , 하위 0-10% 매우 경고를 요하는 상태", 
"color" : "#ff0000", 
"conditionComment" : "당신의 현재 컨디션은 대단히 좋지 않습니다. 자신의 심신 관리에는 매우 많은 문제점이 존재합니다.",
"recipeComment" : "당신의 건강은 위험한 상황으로 판단됩니다. 당신에게는 지금의 건강 상태에서 벗어나기 위한 다방면의 노력이 요구됩니다. 운동, 식습관, 스트레스 관리 등 심도 있는 노력이 요구됩니다."  }


]
}