{
"pulse" : [

{"condition" : "맥박의 하루간의 변화가 일반적인 생리적인 리듬에 맞지  않습니다. 정상적인 경우 오전에 비해 오후의 맥박이 높습니다.",
"conditionComment" : "맥박의 하루간의 변화가 일반적인 생리적인 리듬에 맞지  않습니다. 정상적인 경우 오전에 비해 오후의 맥박이 높습니다.",
"recipeComment" : "의사와 함께 그 의학적 원인을 찾아보시기 바랍니다."},

{"condition" : "맥박의 하루간의 변화가 일반적인 생리적인 리듬에 맞습니다.  정상적인 경우 오전에 비해 오후의 맥박이 높습니다.",
"conditionComment" : "맥박의 하루간의 변화가 일반적인 생리적인 리듬에 맞습니다.  정상적인 경우 오전에 비해 오후의 체온이 높습니다. 당신의 맥박 리듬은 정상적입니다. ",
"recipeComment" : ""}



]
}