{ 
"temperatureCondition" : [

{"grade" : "우수",
"conditionComment" : "당신의 체온은 건강한 상태로 유지되고 있습니다.",
"recipeComment" : "지금과 같은 체온 관리를 위해 지속적으로 노력하시기 바랍니다."},

{"grade" : "양호",
"conditionComment" : "당신의 체온은 양호한 상태로 유지되고 있습니다.",
"recipeComment" : "그러나 조금 더 건강한 체온 관리를 위한 노력이 필요할 것으로 요구됩니다."},

{"grade" : "보통",
"conditionComment" : "당신의 체온은 나쁘지 않은 상태로 유지되고 있습니다.",
"recipeComment" : "건강한 체온 관리를 위한 노력이 필요합니다. 당신의 체온 관리의 문제점은 다음과 같습니다."},

{"grade" : "주의",
"conditionComment" : "당신의 체온 관리에는 문제가 있으며, 주의가 요구됩니다.",
"recipeComment" : "그러나 건강한 체온 관리를 위한 많은 노력이 필요할 것으로 요구됩니다. 당신의 체온 관리의 문제점은 다음과 같습니다."}


]
}